,AL_L,AL_R,AME_L,AMMC_L,AMMC_R,AOTU_L,AOTU_R,ATL_L,ATL_R,AVLP_L,AVLP_R,CRE_L,CRE_R,EB,FB,FLA_L,FLA_R,GNG,IB_L,IB_R,ICL_L,ICL_R,IPS_L,IPS_R,LAL_L,LAL_R,LA_L,LA_R,LH_L,LH_R,LOP_L,LOP_R,LO_L,LO_R,MB_CA_L,MB_CA_R,MB_ML_L,MB_ML_R,MB_VL_L,MB_VL_R,ME_L,ME_R,NO,OCG,PB,PLP_L,PLP_R,PRW,PVLP_L,PVLP_R,SAD,SCL_L,SCL_R,SIP_L,SIP_R,SLP_L,SLP_R,SMP_L,SMP_R,SPS_L,SPS_R,VES_L,VES_R,WED_L,WED_R
AL_L,3.9641716088525407,3.881813710089957,3.3122564574181768,4.412124513425415,4.416477457694534,3.6249611636217436,3.615820973429351,3.299733050308686,3.2938230554851056,3.5556226713360766,3.5534402832075336,3.1665213069275757,3.2297233972047614,3.181635576542379,3.300347915170072,3.302882660950307,3.3409124061191595,3.7690793933790996,3.3053181404368144,3.3504168425907848,3.2500467329583125,3.2427662647945588,3.2915978445692917,3.3211953858336902,3.2752638126688,3.3105463127674795,5.452370982448763,5.374530373523189,3.389832448176271,3.448167016765134,3.718322133026892,3.7071088933033303,3.740705516851489,3.7141542321300443,3.0017840156252613,2.9852723207365206,3.1088664691547074,3.290268642819284,3.239485557396479,3.3815245105227505,3.7892315803116405,3.7417663581736753,3.4512969108293423,5.397467270110216,3.579063870260185,3.234854452511957,3.2179057091525274,3.4977524333319083,3.49462520811093,3.5236597008258026,3.7311536556586575,3.1614435989645178,3.223881694687887,3.1044292349288622,3.1406764911501,3.2007998646088125,3.281185448760647,3.170230997910806,3.17783964044473,3.291763120191227,3.3094545815809466,3.427433194342625,3.471090831594389,3.521521769448981,3.360192547280853
AL_R,3.881813710089957,3.7915789161257236,3.2185610191601546,4.337251008131705,4.346409602651921,3.529209155150672,3.5188784132225748,3.219380773735864,3.217865468737862,3.4851026667275953,3.484715197102583,3.085266700864878,3.1557787119673577,3.080813778782258,3.225835119668084,3.2018001625794956,3.2461685259646265,3.703913265696521,3.224737022236905,3.2762549534677565,3.176174707483338,3.1690174774772912,3.211704751519658,3.242023201823256,3.1948419698682717,3.2304527955829068,5.381706435544832,5.301944311368456,3.316737808624131,3.383072718490107,3.6457064108216146,3.635954738141428,3.6570688295713176,3.6342022423502076,2.878937390766468,2.860322971389793,2.9907649953469044,3.1770443385001257,3.137700939756391,3.274040986142756,3.700932625152648,3.652448169090321,3.349341917152804,5.321829958042217,3.5067676157625476,3.14882868786937,3.1314997895386574,3.422604583373166,3.4168827826250383,3.4461558684325544,3.6573326065574845,3.0752406382817243,3.14578570239818,3.0135713215959825,3.052274695084504,3.1189873046234364,3.2077141392983406,3.081770875650074,3.090440801983996,3.2124732206506166,3.2305808472655477,3.3607367923473035,3.404482725158134,3.45108468451609,3.283876284214902
AME_L,3.3122564574181768,3.2185610191601546,1.6733009010851527,3.0572336627442076,3.100870270941765,1.7795849926040523,1.7771760739233144,1.8338546721432731,1.733809615384017,1.9969386099705762,2.0374167394923632,1.5555488696631345,1.6340757070652994,1.4641462825295355,1.6637359040267758,2.038057189553032,2.124913461158122,2.3804934071988924,1.5949706476577143,1.6559134745281912,1.7117738353865666,1.7312574709881483,1.817003396608247,1.8749614413781186,1.596087308910077,1.646986074650157,3.860890499792619,3.7731920269131773,1.7461035711004402,1.8316710828844789,1.724224691766423,1.7323806922205705,1.7717657802670965,1.7621352904763692,1.8345431744054839,2.0388315828225076,2.1653270974627183,2.5634784091191216,2.076354459864691,2.6931288089088334,1.8710166086075113,1.8428542920850925,1.6366960977396987,3.6369574941417953,1.6284484137407584,1.7024478482540917,1.6980365884980673,2.162327213138865,1.7603732425693615,1.7909448910878383,2.328011870718982,1.7041642227129234,1.7927231769310135,1.4815004541635275,1.5537947291363206,1.6271916654821303,1.707920138095751,1.6182535509179097,1.6252298629208237,1.6499733970889712,1.6745793539359464,1.7521464161379505,1.94890337573987,1.9573658622413637,1.9397055944691337
AMMC_L,4.412124513425415,4.337251008131705,3.0572336627442076,3.376821044534741,3.483463937073917,3.0523169150529643,3.0529402729441872,3.4146519363118566,3.292780059016565,3.386550402841468,3.429271954919858,3.1737370559869995,3.2280716658382653,3.0265504651770545,3.214464206873615,3.435065755351569,3.4975477262195294,3.4978750733295763,3.107217181928013,3.1690188068274128,3.2794217066320415,3.3018243888644854,3.3383588091846854,3.3668702625682183,3.1359003585509746,3.1640128317849143,3.6020193077886256,3.595039478321613,3.2468595738102866,3.3141256919998803,3.05855682010035,3.0836419996822957,3.0373196488816623,3.058319548937617,3.391661032730683,3.607528419298004,3.7140763707153206,4.053782420753037,3.572749179450044,4.155955432437854,3.052796866638068,3.0621011444239477,2.975223451304912,3.6548875657831426,3.0449588234511316,3.2375446826445398,3.2421817273534814,3.4737818152017614,3.1685288722408833,3.169947076014075,3.387226930871329,3.2941911333140164,3.3664857766109084,3.1148369023098526,3.1600594092898544,3.212536394550909,3.255917233526014,3.2015192996699353,3.2063120317728484,3.181267988973542,3.1938341712445357,3.225039339451167,3.35007634787525,3.336534931745498,3.417659252425474
AMMC_R,4.416477457694534,4.346409602651921,3.100870270941765,3.483463937073917,3.554344971970185,3.128218758372111,3.128607702587635,3.4253483175467814,3.303351553314983,3.4054688534249395,3.442717167650482,3.1862064242723243,3.2321106747477066,3.0748878491388862,3.222876927249834,3.4818896247980144,3.5357589354616072,3.510874170084794,3.1318156214391806,3.183764527633432,3.285496691685659,3.30661790344807,3.3517588555186038,3.3791832856104813,3.156744498167253,3.184380535807614,3.7649620588309003,3.757333839379679,3.261276167834482,3.3180440183350433,3.0871165917022445,3.108166715509187,3.0902055809335733,3.1027532463329037,3.4569788862565334,3.6632019086608776,3.7407606009905128,4.06156171072587,3.594226336642755,4.1554572092602875,3.122731492177655,3.1307647253071234,3.055847533265648,3.8132174454803285,3.0691796772879965,3.2658151071853805,3.2692895867319596,3.485987575774502,3.20126490808052,3.204685332100353,3.4212248118007795,3.31233484848108,3.3731799273962135,3.140370624752011,3.183481307956612,3.2281083879855554,3.2640597461566503,3.2260305805703506,3.229649995756886,3.199307661172606,3.2117486400450366,3.230604582008339,3.3552539030387445,3.3522725830825206,3.4274523116029103
AOTU_L,3.6249611636217436,3.529209155150672,1.7795849926040523,3.0523169150529643,3.128218758372111,1.1744634470857969,1.1552832356425344,2.1604661468942266,2.0155465087873785,2.1610713567290665,2.2429256816641336,1.8427283005433557,1.951050593756323,1.4432876456640917,1.883646633101517,2.1570236716442555,2.246343480150972,2.6168389127813776,1.6564773559596002,1.7800651835520944,2.0112710778444733,2.0435542972610374,2.0916379277424544,2.142186961679517,1.7455708193557926,1.786542882784189,3.4836479164695513,3.356554337272444,1.9234791517946002,2.0645655854583858,1.4342789233486177,1.493352088465785,1.1877284169582154,1.2883758485929624,1.9433003898728034,2.2844415495146873,2.450220773386484,2.909679145379446,2.3507712808620207,3.0873916341590006,1.2209063769067485,1.217658318269995,1.0954844920993398,3.1390182369949677,1.4925903056303944,1.8722640258599674,1.8901909050085743,2.440127294045848,1.665021857694197,1.6449344199218194,2.4978915428124115,1.9949603626653714,2.1291700762190082,1.7101886253241776,1.7905353454485207,1.8759664753306222,1.9681870093590834,1.8366341766612777,1.8514660694169591,1.814923911862866,1.82436924450923,1.9694961166620497,2.223048214535893,2.153110861478732,2.222032396705065
AOTU_R,3.615820973429351,3.5188784132225748,1.7771760739233144,3.0529402729441872,3.128607702587635,1.1552832356425344,1.1307176569249109,2.1697442543139744,2.0260311139880507,2.1698798976215503,2.2530577917614183,1.8532859392292387,1.965091325536826,1.436673889005724,1.892823349487832,2.1465256405174764,2.237314326366993,2.6254018450923824,1.6590835225203424,1.786477744634505,2.0231769910839406,2.0551466924505664,2.0993050154134805,2.149556859670636,1.7516332728221813,1.791632730427719,3.4857157068604647,3.3574872475936206,1.9328410459377474,2.0785351686389633,1.4298138138993235,1.4905967384448144,1.1695728748678913,1.2739132528708674,1.9253791135135176,2.2668973096643046,2.4339144820388094,2.895183270712557,2.3431585188345223,3.0759048411641405,1.2009741290043505,1.1977780237760003,1.069917405402412,3.140667180382636,1.4929919235407472,1.8756171942985809,1.8943285260710976,2.4455472989298745,1.6629022199855268,1.6411612202380796,2.5024071126946916,2.0010186714288936,2.139213773924537,1.7165865782413432,1.796793640186647,1.8843750178187029,1.9792846783152138,1.840574302681406,1.8562413893191048,1.8208277708421448,1.8294453053095017,1.9833509048859845,2.235512573565194,2.1627686308826943,2.2307757629713914
ATL_L,3.299733050308686,3.219380773735864,1.8338546721432731,3.4146519363118566,3.4253483175467814,2.1604661468942266,2.1697442543139744,1.5752481848214623,1.479754136731574,1.8175178694602712,1.8214440757403807,1.3379411427399155,1.3561146872923693,1.5754010633544266,1.4803151956909968,2.1187832428384246,2.1474747999503525,2.2908557622391785,1.51938253912132,1.5177824810616785,1.4375850840962885,1.4505606763511718,1.6206426782505676,1.6871044865879186,1.490252042907824,1.5481372113965324,4.545504886918192,4.438537262097109,1.5654035514256952,1.5604409226171339,1.9384365398723111,1.9080682734095546,2.14614861809782,2.0585070201411315,1.9638057780870286,2.1186477514461037,2.167278174795868,2.4763157049936715,2.0248361600213127,2.552327281654671,2.3026231087475715,2.2527915240711733,2.0153749549261226,4.3113539772956555,1.7121189901648943,1.6076745718063135,1.5821804196730611,2.036171475547598,1.7600063297534556,1.8117424275555125,2.3342202150657254,1.5221188028309092,1.5233431819457688,1.34875605490975,1.4050104225828903,1.4424331996631232,1.464828843393508,1.4992653667298699,1.495665895304151,1.5237661822033532,1.5528476074497815,1.544709134961321,1.7412947331441335,1.7790682878186865,1.7102379101805445
ATL_R,3.2938230554851056,3.217865468737862,1.733809615384017,3.292780059016565,3.303351553314983,2.0155465087873785,2.0260311139880507,1.479754136731574,1.3232161160502285,1.655702722529975,1.6632687474920642,1.2121589323256015,1.2175647141185166,1.466950108454523,1.3394801047342475,2.0631374656498567,2.0783776496947532,2.150883565241363,1.3693740122206717,1.3603274388958624,1.296101340941455,1.312901738169667,1.5017893707132361,1.5678405418019705,1.3527286324416266,1.4095416351649732,4.383251848418028,4.277208784167986,1.4094189953633829,1.3893854638987118,1.747239806415703,1.7172942906525948,1.9702511498771151,1.8781237038988772,1.9482893065787172,2.137308201450472,2.164783492009934,2.4867375236910667,1.9698044410868427,2.5573326150828253,2.1381892912959786,2.0927367124150384,1.879367572340034,4.136008542494026,1.5289322588934866,1.4916014969599145,1.4676247824295774,1.9244570022803085,1.592346911361166,1.64174426137054,2.2066646588193275,1.4193245768530676,1.4040182774853027,1.2371004917144932,1.2931794642647703,1.3178484536137405,1.3195666645591497,1.392097411165808,1.3866935135560756,1.3880668181384794,1.4144202270554338,1.378212523798138,1.5948003352048759,1.6188989977593928,1.5844143067992462
AVLP_L,3.5556226713360766,3.4851026667275953,1.9969386099705762,3.386550402841468,3.4054688534249395,2.1610713567290665,2.1698798976215503,1.8175178694602712,1.655702722529975,1.8903322993264406,1.9089468997862464,1.5606473462605088,1.5584480089610657,1.7547677649337654,1.6350492343065306,2.352442240387591,2.356752935645899,2.366365083877059,1.642872425678903,1.630754069608117,1.626136952058372,1.6479176506926052,1.8193712971051428,1.875644489238543,1.640906526660794,1.6908621649559454,4.336919362183174,4.237580877627795,1.6708665428903675,1.6471305268928316,1.8680761659387584,1.8439707650301949,2.075211362908096,1.9935131004406326,2.266950737089056,2.4761631966522226,2.494666969230173,2.811004634293279,2.263444416592954,2.8767006705117475,2.2373905867246706,2.200490308719716,2.0357335524343343,4.097788322733492,1.6933340021122205,1.7853080135581962,1.7682575523874309,2.1976408786929786,1.794565611163101,1.834967606033724,2.4245637681968053,1.7556847625890282,1.7441045878853354,1.5901325039326542,1.6393060592217201,1.6450079671777962,1.630335654719166,1.7169975507434851,1.710304001985369,1.6774965200302048,1.6979782683162539,1.6406798435866485,1.8648455042626677,1.8573769857395939,1.8837196119127664
AVLP_R,3.5534402832075336,3.484715197102583,2.0374167394923632,3.429271954919858,3.442717167650482,2.2429256816641336,2.2530577917614183,1.8214440757403807,1.6632687474920642,1.9089468997862464,1.920160408978792,1.5680866159695726,1.55899342060183,1.8037110115620232,1.6469887876720348,2.385521813126777,2.3827447582719157,2.378347427440309,1.6709494683434207,1.650438751937369,1.6269354536123222,1.647159622093878,1.8271637156339755,1.8830249277653794,1.66261713456412,1.7132141428406313,4.415494909579521,4.317407647112257,1.6870737797016149,1.6535281932710797,1.9339647017814836,1.9055864157564568,2.158292043083695,2.0687936145831616,2.3109463125367156,2.5076713900893877,2.5115567775252154,2.811713760134294,2.281919598049443,2.872013092881459,2.324089127186132,2.2853746374947965,2.1213856704020118,4.185927410075699,1.7447392707299714,1.8078637584581914,1.7881674576961253,2.206548063828821,1.8358559477944862,1.8782689407923514,2.4428540645423786,1.7648276674052648,1.743013536168001,1.6077050970114375,1.6548486917895422,1.6555990161359124,1.635234942491356,1.7354285654272712,1.7276313381340325,1.696925880147636,1.7181965830274024,1.6520279776929683,1.8699154389265684,1.8745668888443172,1.887836448358472
CRE_L,3.1665213069275757,3.085266700864878,1.5555488696631345,3.1737370559869995,3.1862064242723243,1.8427283005433557,1.8532859392292387,1.3379411427399155,1.2121589323256015,1.5606473462605088,1.5680866159695726,1.04104276430741,1.065407334084848,1.2752429038870654,1.1885319927795408,1.8922264499623436,1.927328258230619,2.050154803430453,1.2131322830650695,1.2202701580954178,1.1569132582251105,1.1729940194001978,1.3556085088317118,1.4248914059726712,1.1891232024679042,1.2520165369205916,4.284378365957389,4.175631684034491,1.2829685323263154,1.2847382959582305,1.6150994810061585,1.5882508246392797,1.8194870258539424,1.7367944733829093,1.7626823703297232,1.9560976288272722,1.991054925135005,2.330375125434811,1.8281163764247634,2.417206286713803,1.9817549275867674,1.934290126455896,1.699176997724607,4.033275323034975,1.386709625132555,1.3368177207076508,1.3136850678936318,1.8005814205411534,1.468406465681249,1.5199110041470683,2.0807789239120607,1.2575674405627688,1.260903931662506,1.052111560548914,1.11628653878966,1.1547898015000084,1.1797640238676148,1.2212740917450053,1.2182761807506852,1.2319935056202376,1.2635334696207603,1.252232985040032,1.470598556393388,1.5194440822891262,1.4566211437643313
CRE_R,3.2297233972047614,3.1557787119673577,1.6340757070652994,3.2280716658382653,3.2321106747477066,1.951050593756323,1.965091325536826,1.3561146872923693,1.2175647141185166,1.5584480089610657,1.55899342060183,1.065407334084848,1.0620757360988193,1.3782862502707185,1.1947863112763948,1.9979223172625697,2.0107073334402843,2.0474943874318927,1.2477889301152794,1.2286319425966485,1.155681286884054,1.1717065006706953,1.376317503687532,1.4424842431609277,1.2196911686718734,1.28147150996337,4.338985786520903,4.233824610793533,1.2880179556340403,1.260026218119321,1.640222342845276,1.606150101247943,1.890442394074004,1.791504801837992,1.9140302032680865,2.1031590972611176,2.0984575047188643,2.4106943718641944,1.894509784129997,2.4792999505666633,2.069390784473985,2.023089815445405,1.829709611749146,4.0900772867618755,1.4054536358839855,1.3833255201261119,1.3577266343510224,1.8191970207193238,1.4989417851692426,1.5517257404538687,2.105291472926194,1.294355283226594,1.2693318641195517,1.108135173623025,1.1645445523356723,1.1820747339454527,1.1801761956004513,1.2714656428160347,1.264332311654692,1.257586319959525,1.2879048326817584,1.236542892359934,1.4574454526773963,1.5145193573847069,1.462603335018463
EB,3.181635576542379,3.080813778782258,1.4641462825295355,3.0265504651770545,3.0748878491388862,1.4432876456640917,1.436673889005724,1.5754010633544266,1.466950108454523,1.7547677649337654,1.8037110115620232,1.2752429038870654,1.3782862502707185,1.1159524419940878,1.4091618672056156,1.7645820092157123,1.8662626576080403,2.2330672301115757,1.2965953664771332,1.3881745107541967,1.453899154245629,1.4759106842339615,1.5637101437258725,1.631994372507317,1.3152104879783746,1.370947059337837,3.9355294847706923,3.8188056439996356,1.4807452706758124,1.5913771960776943,1.4748717529925202,1.4871768340505993,1.474595336153581,1.4745769578017376,1.508553626867943,1.7534242665725182,1.9168794727867855,2.3506137129556204,1.855583321284617,2.5003464379610763,1.5784084478010496,1.5418438904504312,1.2502250570473574,3.651585684212733,1.3614251534036295,1.4185327648442119,1.415849843720751,1.971523539033553,1.4693403019085693,1.4995598812447943,2.169629047686219,1.4372515965993486,1.5432372387199103,1.16894200386979,1.2540144388309586,1.3490500723124916,1.4489932574162148,1.3297388632815392,1.3403810738618567,1.3771424364327607,1.4035355490563632,1.5192926281802603,1.7466798947324522,1.7291763329619243,1.7021468509589588
FB,3.300347915170072,3.225835119668084,1.6637359040267758,3.214464206873615,3.222876927249834,1.883646633101517,1.892823349487832,1.4803151956909968,1.3394801047342475,1.6350492343065306,1.6469887876720348,1.1885319927795408,1.1947863112763948,1.4091618672056156,1.2803817797556234,2.0557931561736953,2.0750979641728216,2.11342529577201,1.308768738610705,1.2969878247529387,1.2854902702859317,1.3056937697824544,1.4863545215193656,1.5473325210763618,1.2897698093663914,1.348273226889117,4.23904263354466,4.13439362433792,1.3640890437482582,1.3535040389873099,1.5644033217658768,1.5384924502633186,1.7917051155106531,1.7079717840219102,1.9676299701348328,2.173594764201738,2.1636760988593338,2.4871255816874194,1.961722703761632,2.5648832545586413,1.9693976662725916,1.9289203269540838,1.7628432917763157,3.9763959716694486,1.3703086145644785,1.461712721238635,1.4444070657390329,1.909131121470358,1.5163038770561588,1.562371113913889,2.161459855959426,1.4088658257989903,1.403988104214302,1.21798659161167,1.275566086231059,1.2891090833140506,1.2933298797176898,1.3651190112106222,1.3594358744720838,1.3342424886458168,1.3609416886254722,1.3149727985196489,1.5489788928002195,1.59326356579735,1.575930757678905
FLA_L,3.302882660950307,3.2018001625794956,2.038057189553032,3.435065755351569,3.4818896247980144,2.1570236716442555,2.1465256405174764,2.1187832428384246,2.0631374656498567,2.352442240387591,2.385521813126777,1.8922264499623436,1.9979223172625697,1.7645820092157123,2.0557931561736953,2.1113422135559134,2.211810399728907,2.7357946893732024,1.9737682484526502,2.064682099840619,2.034594886505682,2.0413385020346686,2.100110366383421,2.1591097434039237,1.9738538094416085,2.023142900377017,4.442356102484686,4.332422088685528,2.1349497440439187,2.2413047764077336,2.33718230279921,2.3433647984583215,2.294875635230098,2.294710167885209,1.7570301181292098,1.872405747561988,2.1147714869564362,2.4957762991653754,2.1750384511897454,2.648398390918918,2.347975809764521,2.2992690079368594,1.937860626769067,4.26153264289365,2.2035132406868283,1.9633293798995528,1.9530523020389474,2.4259029355623216,2.1614659531315117,2.19005631023891,2.662053524660861,1.9392612810848235,2.052942984194005,1.7788955403216633,1.8457244669538424,1.9413205839299092,2.0523510388116044,1.8929779084611826,1.9066042630081879,2.012691673892054,2.038001128141797,2.1989669261205815,2.331346976418981,2.3375953505966502,2.219274584251686
FLA_R,3.3409124061191595,3.2461685259646265,2.124913461158122,3.4975477262195294,3.5357589354616072,2.246343480150972,2.237314326366993,2.1474747999503525,2.0783776496947532,2.356752935645899,2.3827447582719157,1.927328258230619,2.0107073334402843,1.8662626576080403,2.0750979641728216,2.211810399728907,2.2735623738688586,2.7428372500554623,2.013730879767335,2.0849988942776143,2.043184608232746,2.0480511273470112,2.1271513631720893,2.1811395458929095,2.014806593114301,2.0618108652687295,4.513826805735781,4.404124028132493,2.150378719993279,2.229486218187574,2.3801608593140067,2.3807217460987027,2.3638800205223696,2.3521039283892025,1.885643287015286,2.0034583804202657,2.2048166049309748,2.551040009566648,2.237757281364393,2.6851532094035973,2.426453301726534,2.37796208039351,2.0395830206415324,4.333934610558985,2.2407945063634083,2.015267616543768,2.0035351343984877,2.4481713135703336,2.1929227681755212,2.219212145817693,2.6910921274363493,1.9841883498516482,2.069129811343857,1.842228199746337,1.8997152532165191,1.9770371941343503,2.062766978212586,1.9489642285875741,1.958449778971092,2.047726075142094,2.0696198352527144,2.2011074795721846,2.3309962788736924,2.340481476906147,2.2294985362338253
GNG,3.7690793933790996,3.703913265696521,2.3804934071988924,3.4978750733295763,3.510874170084794,2.6168389127813776,2.6254018450923824,2.2908557622391785,2.150883565241363,2.366365083877059,2.378347427440309,2.050154803430453,2.0474943874318927,2.2330672301115757,2.11342529577201,2.7357946893732024,2.7428372500554623,2.7021177682653525,2.132997875469435,2.119346869402668,2.1145537638177063,2.132059291082934,2.2768348820340356,2.321843587448901,2.1219761064916383,2.165375979294242,4.348045681309491,4.279761888212607,2.166031219373122,2.1472754369454057,2.3242840778212592,2.303406360192282,2.5275668482546485,2.4531660106214073,2.6849787066728736,2.8579314435477143,2.856687870221321,3.1388660793154664,2.653417899546055,3.197169069063753,2.668371398005263,2.640939027970552,2.5140539490172737,4.213893648837113,2.172845232235271,2.2576341560169975,2.2429029528774365,2.5726667808937576,2.286128605136714,2.3215396112211835,2.7427737887399,2.223085179697077,2.215246295607594,2.080438409544042,2.1218216676130384,2.1274115804416613,2.118332735959104,2.1895667666987126,2.1835527773782206,2.154438411538504,2.1738759459954062,2.1169416496819067,2.296933046476883,2.318949103858138,2.3384754548941085
IB_L,3.3053181404368144,3.224737022236905,1.5949706476577143,3.107217181928013,3.1318156214391806,1.6564773559596002,1.6590835225203424,1.51938253912132,1.3693740122206717,1.642872425678903,1.6709494683434207,1.2131322830650695,1.2477889301152794,1.2965953664771332,1.308768738610705,1.9737682484526502,2.013730879767335,2.132997875469435,1.263024142670616,1.296615854057035,1.3321029316974202,1.3570359107482455,1.5111167919534472,1.5734205188332246,1.2763408523044755,1.333618716312126,4.0540511437516145,3.9433815853027783,1.3738351997068783,1.4005865191348454,1.4698705475019858,1.4612555354600332,1.602334458278129,1.5520391342881918,1.856487486481418,2.105812604186989,2.1474487464440117,2.512522087884166,1.9649038832139398,2.614458338243117,1.7522337971920443,1.716620469773684,1.512609354917719,3.7793013611852824,1.3061592995143427,1.4398340983092595,1.4287041112356227,1.9304107029024402,1.4439038418227408,1.478810713633192,2.1407295218179163,1.4276684284567525,1.4555866583935078,1.1993934422010466,1.2663872428325513,1.30255988035897,1.329623388019883,1.3530502379469427,1.3529106517497804,1.328906152252977,1.354076905643732,1.353821074993721,1.5986435803358696,1.6082238451833788,1.6132278950798258
IB_R,3.3504168425907848,3.2762549534677565,1.6559134745281912,3.1690188068274128,3.183764527633432,1.7800651835520944,1.786477744634505,1.5177824810616785,1.3603274388958624,1.630754069608117,1.650438751937369,1.2202701580954178,1.2286319425966485,1.3881745107541967,1.2969878247529387,2.064682099840619,2.0849988942776143,2.119346869402668,1.296615854057035,1.2880462544360105,1.3141542873141496,1.338005926269116,1.5148024615556648,1.5748596441836877,1.2940517631814485,1.3499549224195166,4.129989673239158,4.023239884199891,1.3661765417528753,1.3617484087592864,1.4843031851586719,1.4653402889692322,1.678695929591024,1.6077837042454126,1.987480714830627,2.2222033868972604,2.2238588344083645,2.56367734816309,2.0032212092907318,2.6483923369162556,1.8508484394323166,1.8150357826036363,1.6597288623127877,3.855348770091379,1.3167485379146877,1.4709802658832845,1.4572939957128164,1.9330823311435352,1.4732975251695437,1.5117760346126432,2.158962327281803,1.4442499695675204,1.4441483697402746,1.241141700636378,1.300920729519051,1.3138883391640577,1.3148055245834513,1.386796907968355,1.382087745130127,1.3415496880538376,1.3655481846194246,1.3228275965259484,1.5685263087597872,1.593840618452746,1.604055980970111
ICL_L,3.2500467329583125,3.176174707483338,1.7117738353865666,3.2794217066320415,3.285496691685659,2.0112710778444733,2.0231769910839406,1.4375850840962885,1.296101340941455,1.626136952058372,1.6269354536123222,1.1569132582251105,1.155681286884054,1.453899154245629,1.2854902702859317,2.034594886505682,2.043184608232746,2.1145537638177063,1.3321029316974202,1.3141542873141496,1.2329137982299252,1.2476882916699763,1.4501165941579532,1.5146037075117018,1.3081515310528218,1.367388889152001,4.39196029033834,4.28592666641806,1.3699969481805148,1.342222352999204,1.7366018880476457,1.7038605786439625,1.9664070851099913,1.8716579146808552,1.9307547655713628,2.109576699368385,2.1258052107563232,2.4364501052633107,1.9371758048828762,2.5074935006908343,2.1364554477986646,2.0891161738804334,1.8803964206343358,4.148704267027706,1.5082925397944387,1.4499106616061264,1.4250611849451695,1.8813412005052095,1.5712932693711568,1.6215173602565236,2.1699096325917564,1.365217620135014,1.3408557943777109,1.1955482527732926,1.2488384928730083,1.2644273776826713,1.2605145046482178,1.3489315346319826,1.3423621052304788,1.3431753601273262,1.3707674974678785,1.3293109863727917,1.5397155264642977,1.5885902310551896,1.530886355053009
ICL_R,3.2427662647945588,3.1690174774772912,1.7312574709881483,3.3018243888644854,3.30661790344807,2.0435542972610374,2.0551466924505664,1.4505606763511718,1.312901738169667,1.6479176506926052,1.647159622093878,1.1729940194001978,1.1717065006706953,1.4759106842339615,1.3056937697824544,2.0413385020346686,2.0480511273470112,2.132059291082934,1.3570359107482455,1.338005926269116,1.2476882916699763,1.258409510870111,1.4629979248794593,1.5271825007697128,1.331761008957915,1.3902497463859986,4.424863975074462,4.3191160590368805,1.3947302010916836,1.3665289145652189,1.7765015934037902,1.7429510609365015,2.0048788543333016,1.909715757149065,1.9307955096361298,2.1021024540487043,2.120878125302522,2.428441195818246,1.940517484592648,2.4982372641703785,2.173489680079917,2.1252977594938627,1.9113398113393227,4.185620372068713,1.547825619722597,1.46663920823292,1.4413634358004583,1.8921831662608306,1.600618486101281,1.6508899655163765,2.1879881358217674,1.376214400852656,1.3502714064791428,1.2119524164155349,1.2637177082476672,1.2812588294638387,1.277709350307283,1.3643487969043124,1.3577538309478816,1.3642519975759209,1.3916085711724024,1.3551000249962029,1.5578377447651992,1.609981310183898,1.542637554320053
IPS_L,3.2915978445692917,3.211704751519658,1.817003396608247,3.3383588091846854,3.3517588555186038,2.0916379277424544,2.0993050154134805,1.6206426782505676,1.5017893707132361,1.8193712971051428,1.8271637156339755,1.3556085088317118,1.376317503687532,1.5637101437258725,1.4863545215193656,2.100110366383421,2.1271513631720893,2.2768348820340356,1.5111167919534472,1.5148024615556648,1.4501165941579532,1.4629979248794593,1.6293865896777038,1.6920193797983958,1.4891912054081662,1.5458664634649204,4.418673937494559,4.314461968303918,1.570802182103444,1.5705544782429046,1.8913436240983426,1.8657899593607277,2.075916651955626,1.9984729275804933,1.9443836353554271,2.1077010835899683,2.1555441377146316,2.474254963170144,2.0183256417710878,2.5584211481160444,2.224524932995483,2.1778723385266128,1.9463232594126296,4.1923849306286325,1.6836511861427326,1.6043381109205197,1.5826139119670821,2.0331511788280534,1.7381818333295083,1.7847585970114717,2.3089156755010034,1.5314185110154488,1.537261423477196,1.3636527161682637,1.4190884549653557,1.4513183364829985,1.4727318035535217,1.5069709733005459,1.5042921450451936,1.5249923554251532,1.5520287877222327,1.5481090277798062,1.7426879487236435,1.7832005201886518,1.7181866144009268
IPS_R,3.3211953858336902,3.242023201823256,1.8749614413781186,3.3668702625682183,3.3791832856104813,2.142186961679517,2.149556859670636,1.6871044865879186,1.5678405418019705,1.875644489238543,1.8830249277653794,1.4248914059726712,1.4424842431609277,1.631994372507317,1.5473325210763618,2.1591097434039237,2.1811395458929095,2.321843587448901,1.5734205188332246,1.5748596441836877,1.5146037075117018,1.5271825007697128,1.6920193797983958,1.750097064626467,1.5520983169411695,1.6075110262882892,4.434068892140867,4.331677606602622,1.6314808166397625,1.6291184091118351,1.9344881049086162,1.909151947678911,2.11946424849902,2.0427260605950037,2.007707779744896,2.16563284670089,2.2059201943403184,2.5110427520164498,2.071780775998165,2.5917649723724145,2.267275598438831,2.2216882839110887,2.0007737108039265,4.212288954152603,1.7338725045049383,1.6669650573529777,1.6461649067184094,2.0855163418458185,1.7930720210600417,1.8383621269616643,2.3543033389516412,1.5972864335655508,1.6005267028990857,1.4361265968192445,1.4892026265355736,1.5174220170939257,1.5357181034143812,1.5739431552485894,1.5708619860659978,1.5874880413445396,1.613256795715546,1.60561882679082,1.7968093137332597,1.8380373319146412,1.776198360915442
LAL_L,3.2752638126688,3.1948419698682717,1.596087308910077,3.1359003585509746,3.156744498167253,1.7455708193557926,1.7516332728221813,1.490252042907824,1.3527286324416266,1.640906526660794,1.66261713456412,1.1891232024679042,1.2196911686718734,1.3152104879783746,1.2897698093663914,1.9738538094416085,2.014806593114301,2.1219761064916383,1.2763408523044755,1.2940517631814485,1.3081515310528218,1.331761008957915,1.4891912054081662,1.5520983169411695,1.2675474301811405,1.3279280497843076,4.12809322656724,4.0200464792721755,1.3643756865838064,1.3840273409740602,1.5142907903091636,1.4983662199811316,1.686371242575213,1.6229712325432755,1.8535714838399047,2.0778319647420935,2.110844931912932,2.4641251239675834,1.9369510375473862,2.561854783943396,1.8444937711250395,1.805140159772924,1.604237193064769,3.862255554160879,1.3324507802261985,1.4302892411803323,1.416709854246175,1.9110568395496736,1.4748716743241725,1.516933088681907,2.1390989024882385,1.400745066209483,1.424358661385915,1.184704103094269,1.251154809960748,1.2819648885853427,1.30934481964389,1.3373838161702916,1.3358000934575012,1.3203013946461366,1.3481367480340496,1.3361292456865623,1.5750942765429998,1.6037936204583094,1.591407378836368
LAL_R,3.3105463127674795,3.2304527955829068,1.646986074650157,3.1640128317849143,3.184380535807614,1.786542882784189,1.791632730427719,1.5481372113965324,1.4095416351649732,1.6908621649559454,1.7132141428406313,1.2520165369205916,1.28147150996337,1.370947059337837,1.348273226889117,2.023142900377017,2.0618108652687295,2.165375979294242,1.333618716312126,1.3499549224195166,1.367388889152001,1.3902497463859986,1.5458664634649204,1.6075110262882892,1.3279280497843076,1.384707812925061,4.139423025604526,4.033280058179972,1.4207773089599738,1.4399496781631753,1.5553919480127938,1.5402466653001894,1.722418547982602,1.6609056879136548,1.9047723533712826,2.1280594996389848,2.1569598796992446,2.5071447316963216,1.982169543113523,2.6026163119121275,1.879767278382387,1.8418692828234826,1.648136990433316,3.877062638133836,1.3827153256194227,1.487754208210467,1.474757268271071,1.9591217272118,1.524119497762073,1.5647637006443316,2.1836320729710255,1.4601411506886053,1.4830479890564396,1.2475740316621808,1.3123411757887553,1.3430923950487803,1.36850847261628,1.3970193134894093,1.395419898865491,1.3783510481798456,1.4047593397448574,1.3938848907523136,1.6296965683553235,1.6533031374920604,1.6452018153006407
LA_L,5.452370982448763,5.381706435544832,3.860890499792619,3.6020193077886256,3.7649620588309003,3.4836479164695513,3.4857157068604647,4.545504886918192,4.383251848418028,4.336919362183174,4.415494909579521,4.284378365957389,4.338985786520903,3.9355294847706923,4.23904263354466,4.442356102484686,4.513826805735781,4.348045681309491,4.0540511437516145,4.129989673239158,4.39196029033834,4.424863975074462,4.418673937494559,4.434068892140867,4.12809322656724,4.139423025604526,2.6821123202811488,2.739583937971217,4.2473231065633605,4.336345591629385,3.5556654882883594,3.6229864211356397,3.394911110194999,3.497466129943417,4.493444718705912,4.8001655676276895,4.885671847569124,5.267382553576952,4.649682795467579,5.377136626566112,3.3452388977905465,3.406334297580878,3.555688099727252,2.698165546564777,3.7275579828469834,4.275938686510176,4.2998042833190615,4.465703104825629,3.9758176565429664,3.9444597956873975,4.180865199818218,4.421575550252954,4.514899607561973,4.212021297398442,4.252247777168388,4.301484873566153,4.333884026539196,4.275927512069651,4.282427705529469,4.182733115938881,4.180695301341328,4.200875635271929,4.350231076694321,4.284236571733812,4.494728969511375
LA_R,5.374530373523189,5.301944311368456,3.7731920269131773,3.595039478321613,3.757333839379679,3.356554337272444,3.3574872475936206,4.438537262097109,4.277208784167986,4.237580877627795,4.317407647112257,4.175631684034491,4.233824610793533,3.8188056439996356,4.13439362433792,4.332422088685528,4.404124028132493,4.279761888212607,3.9433815853027783,4.023239884199891,4.28592666641806,4.3191160590368805,4.314461968303918,4.331677606602622,4.0200464792721755,4.033280058179972,2.739583937971217,2.774318064585722,4.14213868678177,4.234769496446413,3.4618025414105507,3.5291481669163325,3.286263268898298,3.3907296782223533,4.363033534037171,4.6733350098812885,4.769731100006575,5.156632308493575,4.542654525153173,5.271808831245505,3.2342706251825697,3.2901458624799775,3.4222082858112395,2.7347607964251806,3.6262982220422852,4.163551004096803,4.187233357686825,4.379613508126598,3.8642045446081372,3.831291411321387,4.112937924979958,4.310699658269247,4.407743527486181,4.098337934444101,4.14072952230938,4.191786091598756,4.227960376158514,4.164118066501731,4.171285528100354,4.075482453849792,4.073943638707306,4.102977177662453,4.258785373007879,4.190366798191383,4.39323606214592
LH_L,3.389832448176271,3.316737808624131,1.7461035711004402,3.2468595738102866,3.261276167834482,1.9234791517946002,1.9328410459377474,1.5654035514256952,1.4094189953633829,1.6708665428903675,1.6870737797016149,1.2829685323263154,1.2880179556340403,1.4807452706758124,1.3640890437482582,2.1349497440439187,2.150378719993279,2.166031219373122,1.3738351997068783,1.3661765417528753,1.3699969481805148,1.3947302010916836,1.570802182103444,1.6314808166397625,1.3643756865838064,1.4207773089599738,4.2473231065633605,4.14213868678177,1.4125566227453052,1.3989555291532347,1.61037401891312,1.585540190667756,1.8318053039795423,1.7479673683459283,2.055993982031306,2.276042964126926,2.274927839123208,2.6015670655168397,2.050661026395172,2.6760075430417665,2.0061871056730856,1.9668659737671248,1.794229190120041,3.9838696709671226,1.4160726960412853,1.5336172294501236,1.5165496535010503,1.9831870985721853,1.552038481759724,1.5965447045355776,2.2183770795842928,1.4999137886315912,1.4955787726275438,1.308654487450194,1.366523064105813,1.3745864374025258,1.3707077552180191,1.4508834639737092,1.4449844455036331,1.4097742677560983,1.4351924866705164,1.3790338157931177,1.6220419882086092,1.6348459491916707,1.649381295512501
LH_R,3.448167016765134,3.383072718490107,1.8316710828844789,3.3141256919998803,3.3180440183350433,2.0645655854583858,2.0785351686389633,1.5604409226171339,1.3893854638987118,1.6471305268928316,1.6535281932710797,1.2847382959582305,1.260026218119321,1.5913771960776943,1.3535040389873099,2.2413047764077336,2.229486218187574,2.1472754369454057,1.4005865191348454,1.3617484087592864,1.342222352999204,1.3665289145652189,1.5705544782429046,1.6291184091118351,1.3840273409740602,1.4399496781631753,4.336345591629385,4.234769496446413,1.3989555291532347,1.3452117946022302,1.657553500904554,1.6223561985563428,1.9380450500390924,1.831266452116509,2.2087406900535678,2.420868200900889,2.377538420822827,2.673888062226978,2.104465753198913,2.726296839439517,2.1318235069073737,2.0923191113289943,1.9574094652561276,4.07770293765196,1.4461973708705709,1.5680971454318504,1.5463558756084366,1.9838001345593175,1.5805164772066462,1.6281911786537189,2.2347918798773803,1.5161320911196006,1.4765234256948014,1.3509217666346252,1.399492890402439,1.3831013929684262,1.3470678048864497,1.487501658603674,1.4767246783826717,1.4227167726140497,1.4466570762651654,1.3418594316755537,1.5858805936417288,1.6088849202433806,1.6314195754820473
LOP_L,3.718322133026892,3.6457064108216146,1.724224691766423,3.05855682010035,3.0871165917022445,1.4342789233486177,1.4298138138993235,1.9384365398723111,1.747239806415703,1.8680761659387584,1.9339647017814836,1.6150994810061585,1.640222342845276,1.4748717529925202,1.5644033217658768,2.33718230279921,2.3801608593140067,2.3242840778212592,1.4698705475019858,1.4843031851586719,1.7366018880476457,1.7765015934037902,1.8913436240983426,1.9344881049086162,1.5142907903091636,1.5553919480127938,3.5556654882883594,3.4618025414105507,1.61037401891312,1.657553500904554,1.0656399561075245,1.0854285120844898,1.163213326804124,1.1618567710262513,2.317402231233032,2.6562544168465285,2.622137022866257,3.0166632094422137,2.3283280257860524,3.123381258734012,1.3422144139806798,1.3417427909476043,1.378424874487903,3.1986128395688675,1.1009409557801333,1.7555237954352703,1.7707456656355451,2.2527585615426604,1.4837405709725455,1.4959765560913445,2.334629754001114,1.8568010067246887,1.908655397856731,1.6019360620403453,1.6671239767219843,1.6739218574158994,1.6824873884339848,1.7170540675772519,1.7158014970209374,1.582990417941708,1.5929011368798451,1.5517505450874909,1.8623117665939635,1.8274451450292861,1.9907143472974924
LOP_R,3.7071088933033303,3.635954738141428,1.7323806922205705,3.0836419996822957,3.108166715509187,1.493352088465785,1.4905967384448144,1.9080682734095546,1.7172942906525948,1.8439707650301949,1.9055864157564568,1.5882508246392797,1.606150101247943,1.4871768340505993,1.5384924502633186,2.3433647984583215,2.3807217460987027,2.303406360192282,1.4612555354600332,1.4653402889692322,1.7038605786439625,1.7429510609365015,1.8657899593607277,1.909151947678911,1.4983662199811316,1.5402466653001894,3.6229864211356397,3.5291481669163325,1.585540190667756,1.6223561985563428,1.0854285120844898,1.0979236930209295,1.2160140375289015,1.201184283932765,2.3307001269717285,2.660143128211906,2.613627545425663,2.99724555443379,2.3141695540289287,3.0972709551746704,1.4043739962233546,1.4006233187181758,1.432855457045112,3.2712923110089176,1.1039333085184257,1.7417452025533715,1.754788145142724,2.231036888105268,1.48481286053714,1.5013200925902066,2.3259760629787327,1.8328894626382757,1.875641669547959,1.5857985687676315,1.6493235750135806,1.6502935279436135,1.6523359703328515,1.7008534621416167,1.6981160577717815,1.5652457859256321,1.576230900308874,1.5219182826864093,1.831237209385908,1.8019223432019975,1.960887918179137
LO_L,3.740705516851489,3.6570688295713176,1.7717657802670965,3.0373196488816623,3.0902055809335733,1.1877284169582154,1.1695728748678913,2.14614861809782,1.9702511498771151,2.075211362908096,2.158292043083695,1.8194870258539424,1.890442394074004,1.474595336153581,1.7917051155106531,2.294875635230098,2.3638800205223696,2.5275668482546485,1.602334458278129,1.678695929591024,1.9664070851099913,2.0048788543333016,2.075916651955626,2.11946424849902,1.686371242575213,1.722418547982602,3.394911110194999,3.286263268898298,1.8318053039795423,1.9380450500390924,1.163213326804124,1.2160140375289015,1.0210218310229873,1.098715958402472,2.1881272281874957,2.55137823898384,2.6153575934231768,3.0537931667572207,2.412933998090885,3.204942772551577,1.1253548699667364,1.1338277141085986,1.1401471232705451,3.024957159317232,1.269174271483284,1.8785945176763457,1.9013079974363183,2.4192420224343065,1.573081788137043,1.5590509128957357,2.4597217905751685,2.0161680322839937,2.1191664932689176,1.7367968939717309,1.8098863560209615,1.8571662123032013,1.908804910512529,1.8517582387070155,1.8601278446491458,1.7579431143001931,1.762550891731235,1.8295853350780642,2.1199884402210003,2.053943200744901,2.1922764726892803
LO_R,3.7141542321300443,3.6342022423502076,1.7621352904763692,3.058319548937617,3.1027532463329037,1.2883758485929624,1.2739132528708674,2.0585070201411315,1.8781237038988772,1.9935131004406326,2.0687936145831616,1.7367944733829093,1.791504801837992,1.4745769578017376,1.7079717840219102,2.294710167885209,2.3521039283892025,2.4531660106214073,1.5520391342881918,1.6077837042454126,1.8716579146808552,1.909715757149065,1.9984729275804933,2.0427260605950037,1.6229712325432755,1.6609056879136548,3.497466129943417,3.3907296782223533,1.7479673683459283,1.831266452116509,1.1618567710262513,1.201184283932765,1.098715958402472,1.1457120917845989,2.2116491038462684,2.5619539295806084,2.597404743942787,3.017187163254212,2.368985207047709,3.1522575094082335,1.2272527247138962,1.230023988635742,1.228912763021297,3.1381952653201934,1.2316584430811242,1.825500009725014,1.8441157859282886,2.3502456215709087,1.5417992707012136,1.5371529252196847,2.4133155338876286,1.9453771979171248,2.028219335703111,1.6784346056778485,1.7479291723860768,1.782168890671268,1.8181125791464476,1.7938775863218752,1.7989652402891667,1.6915462651448792,1.6981331281340035,1.7312335306424869,2.024235458668546,1.967305386950218,2.1069680121491023
MB_CA_L,3.0017840156252613,2.878937390766468,1.8345431744054839,3.391661032730683,3.4569788862565334,1.9433003898728034,1.9253791135135176,1.9638057780870286,1.9482893065787172,2.266950737089056,2.3109463125367156,1.7626823703297232,1.9140302032680865,1.508553626867943,1.9676299701348328,1.7570301181292098,1.885643287015286,2.6849787066728736,1.856487486481418,1.987480714830627,1.9307547655713628,1.9307955096361298,1.9443836353554271,2.007707779744896,1.8535714838399047,1.9047723533712826,4.493444718705912,4.363033534037171,2.055993982031306,2.2087406900535678,2.317402231233032,2.3307001269717285,2.1881272281874957,2.2116491038462684,1.2006291773277094,1.2714208991118034,1.6213835926039113,2.037098317936141,1.8182992590011886,2.222758318947321,2.204310678872185,2.142140802817515,1.6610839886009767,4.283214882364564,2.1859669383178977,1.7583826626766121,1.7483961990040406,2.278818988808508,2.055488123002796,2.0842952264991843,2.5776032318582716,1.7310120541951448,1.8977886785458664,1.5895946379824712,1.662123928855433,1.7937230916609803,1.9564457081540179,1.6912917380453227,1.7120922993020355,1.8909864846811657,1.9166581960463682,2.1711133099943516,2.275729158798219,2.2678445060658823,2.0823071857939772
MB_CA_R,2.9852723207365206,2.860322971389793,2.0388315828225076,3.607528419298004,3.6632019086608776,2.2844415495146873,2.2668973096643046,2.1186477514461037,2.137308201450472,2.4761631966522226,2.5076713900893877,1.9560976288272722,2.1031590972611176,1.7534242665725182,2.173594764201738,1.872405747561988,2.0034583804202657,2.8579314435477143,2.105812604186989,2.2222033868972604,2.109576699368385,2.1021024540487043,2.1077010835899683,2.16563284670089,2.0778319647420935,2.1280594996389848,4.8001655676276895,4.6733350098812885,2.276042964126926,2.420868200900889,2.6562544168465285,2.660143128211906,2.55137823898384,2.5619539295806084,1.2714208991118034,1.2428541031563802,1.6085073804483012,1.9738192652859419,1.8740800652222724,2.152648473761762,2.5637592542879517,2.493681866505278,2.004428304101141,4.619570335029328,2.5053045004616012,1.9342161004633702,1.9185164161552497,2.4171706610739987,2.327568650697283,2.364574627068049,2.7617207470682907,1.872519288525371,2.0388144770935677,1.789432684330483,1.8543608465562287,1.980062158946134,2.148122567092361,1.8697418029463324,1.891343730737867,2.105781614499003,2.132236315359938,2.394111879256693,2.459144708245312,2.4766111363232697,2.2363648834781156
MB_ML_L,3.1088664691547074,2.9907649953469044,2.1653270974627183,3.7140763707153206,3.7407606009905128,2.450220773386484,2.4339144820388094,2.167278174795868,2.164783492009934,2.494666969230173,2.5115567775252154,1.991054925135005,2.0984575047188643,1.9168794727867855,2.1636760988593338,2.1147714869564362,2.2048166049309748,2.856687870221321,2.1474487464440117,2.2238588344083645,2.1258052107563232,2.120878125302522,2.1555441377146316,2.2059201943403184,2.110844931912932,2.1569598796992446,4.885671847569124,4.769731100006575,2.274927839123208,2.377538420822827,2.622137022866257,2.613627545425663,2.6153575934231768,2.597404743942787,1.6213835926039113,1.6085073804483012,1.766626796922595,2.058709476346926,1.9788892315923285,2.197285905228069,2.6740743380800054,2.611096245800819,2.224110110807575,4.700809254446223,2.4591237778743977,2.047704767536628,2.0284767943708073,2.4705642751999872,2.3706774522964604,2.409451401935613,2.8046597503384207,1.9615110705802992,2.081946014894247,1.8799829204539433,1.9371526769080845,2.0267478931592264,2.1573999613093937,1.9629768866482846,1.9770400956078917,2.1372642824022257,2.161353763086385,2.346956309432517,2.4364663589076634,2.4739809301749816,2.2649535028904246
MB_ML_R,3.290268642819284,3.1770443385001257,2.5634784091191216,4.053782420753037,4.06156171072587,2.909679145379446,2.895183270712557,2.4763157049936715,2.4867375236910667,2.811004634293279,2.811713760134294,2.330375125434811,2.4106943718641944,2.3506137129556204,2.4871255816874194,2.4957762991653754,2.551040009566648,3.1388660793154664,2.512522087884166,2.56367734816309,2.4364501052633107,2.428441195818246,2.474254963170144,2.5110427520164498,2.4641251239675834,2.5071447316963216,5.267382553576952,5.156632308493575,2.6015670655168397,2.673888062226978,3.0166632094422137,2.99724555443379,3.0537931667572207,3.017187163254212,2.037098317936141,1.9738192652859419,2.058709476346926,2.2279963319690075,2.2932530829496756,2.3370190857677433,3.123106045591075,3.058351425460796,2.7038995525708125,5.108123538610984,2.836312127924982,2.407051610960935,2.3838139200029187,2.768194943094459,2.7404942793314264,2.7812118179629337,3.1134442195360945,2.299476580522206,2.383865751938604,2.2517073987805856,2.296989550167705,2.36445559036064,2.4734567982064903,2.322241570465014,2.332092804827303,2.4839925110591694,2.5055524875487665,2.6577161507236453,2.7285993164168105,2.7809986354140963,2.5566165352422763
MB_VL_L,3.239485557396479,3.137700939756391,2.076354459864691,3.572749179450044,3.594226336642755,2.3507712808620207,2.3431585188345223,2.0248361600213127,1.9698044410868427,2.263444416592954,2.281919598049443,1.8281163764247634,1.894509784129997,1.855583321284617,1.961722703761632,2.1750384511897454,2.237757281364393,2.653417899546055,1.9649038832139398,2.0032212092907318,1.9371758048828762,1.940517484592648,2.0183256417710878,2.071780775998165,1.9369510375473862,1.982169543113523,4.649682795467579,4.542654525153173,2.050661026395172,2.104465753198913,2.3283280257860524,2.3141695540289287,2.412933998090885,2.368985207047709,1.8182992590011886,1.8740800652222724,1.9788892315923285,2.2932530829496756,1.9967681269664934,2.407908051414574,2.5121780694327085,2.460001025637654,2.169753392899497,4.44546207870452,2.1687363098512797,1.9407285314259985,1.9211216712063925,2.3450330744674153,2.158455392202555,2.198405871900172,2.6511460356350334,1.8664745411641825,1.9434323660489075,1.7733519897880217,1.823468265571964,1.8815295222901172,1.9598547720074095,1.8618507378994382,1.8684910098088616,1.9616536708169698,1.9841372452410704,2.078280893818314,2.211281140903795,2.2336682831956076,2.112225919917004
MB_VL_R,3.3815245105227505,3.274040986142756,2.6931288089088334,4.155955432437854,4.1554572092602875,3.0873916341590006,3.0759048411641405,2.552327281654671,2.5573326150828253,2.8767006705117475,2.872013092881459,2.417206286713803,2.4792999505666633,2.5003464379610763,2.5648832545586413,2.648398390918918,2.6851532094035973,3.197169069063753,2.614458338243117,2.6483923369162556,2.5074935006908343,2.4982372641703785,2.5584211481160444,2.5917649723724145,2.561854783943396,2.6026163119121275,5.377136626566112,5.271808831245505,2.6760075430417665,2.726296839439517,3.123381258734012,3.0972709551746704,3.204942772551577,3.1522575094082335,2.222758318947321,2.152648473761762,2.197285905228069,2.3370190857677433,2.407908051414574,2.4056002292134346,3.288128351738558,3.224415772502049,2.895662948324861,5.227884844021495,2.932115732669238,2.517460467360732,2.4925154233435824,2.8452943867417546,2.8433005666102757,2.8875159399223835,3.1960830991695164,2.400217287664069,2.461025810899309,2.362558015805818,2.400986121962829,2.457200445241933,2.5474987582170647,2.43075194111322,2.4371399450499767,2.577427948089264,2.597105766886555,2.7187546385190826,2.7878269068556314,2.8393832467130906,2.6277296374736916
ME_L,3.7892315803116405,3.700932625152648,1.8710166086075113,3.052796866638068,3.122731492177655,1.2209063769067485,1.2009741290043505,2.3026231087475715,2.1381892912959786,2.2373905867246706,2.324089127186132,1.9817549275867674,2.069390784473985,1.5784084478010496,1.9693976662725916,2.347975809764521,2.426453301726534,2.668371398005263,1.7522337971920443,1.8508484394323166,2.1364554477986646,2.173489680079917,2.224524932995483,2.267275598438831,1.8444937711250395,1.879767278382387,3.3452388977905465,3.2342706251825697,2.0061871056730856,2.1318235069073737,1.3422144139806798,1.4043739962233546,1.1253548699667364,1.2272527247138962,2.204310678872185,2.5637592542879517,2.6740743380800054,3.123106045591075,2.5121780694327085,3.288128351738558,1.185314601750113,1.1951255077794414,1.1799043985333328,2.9922400802176345,1.4568468065048665,2.0087837324527786,2.0323458329317736,2.5491921486792157,1.7156099463592411,1.692624550308363,2.567510621175607,2.153749324444281,2.2752508172744452,1.8741735646712352,1.9487774711039036,2.0111528257399676,2.0799687763412638,1.9864142169393886,1.9980828330336953,1.9159798016208598,1.920141299525335,2.0228583432222305,2.2946935841694196,2.222515724958114,2.3454826081609332
ME_R,3.7417663581736753,3.652448169090321,1.8428542920850925,3.0621011444239477,3.1307647253071234,1.217658318269995,1.1977780237760003,2.2527915240711733,2.0927367124150384,2.200490308719716,2.2853746374947965,1.934290126455896,2.023089815445405,1.5418438904504312,1.9289203269540838,2.2992690079368594,2.37796208039351,2.640939027970552,1.716620469773684,1.8150357826036363,2.0891161738804334,2.1252977594938627,2.1778723385266128,2.2216882839110887,1.805140159772924,1.8418692828234826,3.406334297580878,3.2901458624799775,1.9668659737671248,2.0923191113289943,1.3417427909476043,1.4006233187181758,1.1338277141085986,1.230023988635742,2.142140802817515,2.493681866505278,2.611096245800819,3.058351425460796,2.460001025637654,3.224415772502049,1.1951255077794414,1.199951158384584,1.1629792078245862,3.051411360472579,1.4424233152387989,1.9624604607798903,1.9846491732490017,2.509519629947738,1.688997543952922,1.6685557064010579,2.5425232267574094,2.101755586297303,2.22364633198433,1.8257767975316583,1.9009114406382999,1.9640928829440683,2.035121547502959,1.9387715996463217,1.9504780423864903,1.87598472654238,1.8814132320217316,1.9872950677807875,2.2568914424903768,2.1873090311783447,2.2991798831871906
NO,3.4512969108293423,3.349341917152804,1.6366960977396987,2.975223451304912,3.055847533265648,1.0954844920993398,1.069917405402412,2.0153749549261226,1.879367572340034,2.0357335524343343,2.1213856704020118,1.699176997724607,1.829709611749146,1.2502250570473574,1.7628432917763157,1.937860626769067,2.0395830206415324,2.5140539490172737,1.512609354917719,1.6597288623127877,1.8803964206343358,1.9113398113393227,1.9463232594126296,2.0007737108039265,1.604237193064769,1.648136990433316,3.555688099727252,3.4222082858112395,1.794229190120041,1.9574094652561276,1.378424874487903,1.432855457045112,1.1401471232705451,1.228912763021297,1.6610839886009767,2.004428304101141,2.224110110807575,2.7038995525708125,2.169753392899497,2.895662948324861,1.1799043985333328,1.1629792078245862,0.9087617602406554,3.23183509591381,1.404055271265823,1.702178757579914,1.7205839762141755,2.306006831397426,1.5395528581680105,1.5256092996659403,2.3823982126636407,1.8327779734584577,1.9870397727452118,1.5381496556853176,1.6239569520746442,1.7267905824886467,1.838758415684532,1.668428470451863,1.686140140307178,1.6757082777479155,1.6889929832696053,1.8693618215789005,2.117092024534851,2.0335461698373174,2.0844926961092267
OCG,5.397467270110216,5.321829958042217,3.6369574941417953,3.6548875657831426,3.8132174454803285,3.1390182369949677,3.140667180382636,4.3113539772956555,4.136008542494026,4.097788322733492,4.185927410075699,4.033275323034975,4.0900772867618755,3.651585684212733,3.9763959716694486,4.26153264289365,4.333934610558985,4.213893648837113,3.7793013611852824,3.855348770091379,4.148704267027706,4.185620372068713,4.1923849306286325,4.212288954152603,3.862255554160879,3.877062638133836,2.698165546564777,2.7347607964251806,3.9838696709671226,4.07770293765196,3.1986128395688675,3.2712923110089176,3.024957159317232,3.1381952653201934,4.283214882364564,4.619570335029328,4.700809254446223,5.108123538610984,4.44546207870452,5.227884844021495,2.9922400802176345,3.051411360472579,3.23183509591381,2.442040941263604,3.3949102180896857,4.027406441283145,4.053584631321206,4.301406644329402,3.6823547404904415,3.650697551613618,4.060677506288797,4.187327393432092,4.285927822780013,3.9579153572134893,4.005305991679174,4.051949671516793,4.084962843333135,4.029758706911912,4.036436515723041,3.923065304139502,3.918966609347911,3.9424838573223715,4.13616221916258,4.05228087465603,4.275516329443554
PB,3.579063870260185,3.5067676157625476,1.6284484137407584,3.0449588234511316,3.0691796772879965,1.4925903056303944,1.4929919235407472,1.7121189901648943,1.5289322588934866,1.6933340021122205,1.7447392707299714,1.386709625132555,1.4054536358839855,1.3614251534036295,1.3703086145644785,2.2035132406868283,2.2407945063634083,2.172845232235271,1.3061592995143427,1.3167485379146877,1.5082925397944387,1.547825619722597,1.6836511861427326,1.7338725045049383,1.3324507802261985,1.3827153256194227,3.7275579828469834,3.6262982220422852,1.4160726960412853,1.4461973708705709,1.1009409557801333,1.1039333085184257,1.269174271483284,1.2316584430811242,2.1859669383178977,2.5053045004616012,2.4591237778743977,2.836312127924982,2.1687363098512797,2.932115732669238,1.4568468065048665,1.4424233152387989,1.404055271265823,3.3949102180896857,1.0355576825601391,1.576891163387173,1.582913673978383,2.0769526683783583,1.3798489278574229,1.4047600070923398,2.1991165503158006,1.6416461221275245,1.6774365630081671,1.389147888339336,1.4557512131787875,1.4592510121042799,1.4648075532390195,1.5186144701063549,1.5153620556235818,1.400078677899663,1.417999883659624,1.357268357934552,1.6654725751189068,1.6494648671071903,1.782235274045447
PLP_L,3.234854452511957,3.14882868786937,1.7024478482540917,3.2375446826445398,3.2658151071853805,1.8722640258599674,1.8756171942985809,1.6076745718063135,1.4916014969599145,1.7853080135581962,1.8078637584581914,1.3368177207076508,1.3833255201261119,1.4185327648442119,1.461712721238635,1.9633293798995528,2.015267616543768,2.2576341560169975,1.4398340983092595,1.4709802658832845,1.4499106616061264,1.46663920823292,1.6043381109205197,1.6669650573529777,1.4302892411803323,1.487754208210467,4.275938686510176,4.163551004096803,1.5336172294501236,1.5680971454318504,1.7555237954352703,1.7417452025533715,1.8785945176763457,1.825500009725014,1.7583826626766121,1.9342161004633702,2.047704767536628,2.407051610960935,1.9407285314259985,2.517460467360732,2.0087837324527786,1.9624604607798903,1.702178757579914,4.027406441283145,1.576891163387173,1.524912557178548,1.5099288602525585,2.0046950786439273,1.6383435280237706,1.679555161433206,2.260390694330035,1.4896270746518865,1.5322644954918585,1.3071908218077157,1.3707037289265291,1.4162550495083543,1.4613165942433228,1.444626830139289,1.4467708234493695,1.474735148712039,1.5015271632005869,1.535223518425146,1.7387454444977595,1.7592563182354668,1.7055915846255405
PLP_R,3.2179057091525274,3.1314997895386574,1.6980365884980673,3.2421817273534814,3.2692895867319596,1.8901909050085743,1.8943285260710976,1.5821804196730611,1.4676247824295774,1.7682575523874309,1.7881674576961253,1.3136850678936318,1.3577266343510224,1.415849843720751,1.4444070657390329,1.9530523020389474,2.0035351343984877,2.2429029528774365,1.4287041112356227,1.4572939957128164,1.4250611849451695,1.4413634358004583,1.5826139119670821,1.6461649067184094,1.416709854246175,1.474757268271071,4.2998042833190615,4.187233357686825,1.5165496535010503,1.5463558756084366,1.7707456656355451,1.754788145142724,1.9013079974363183,1.8441157859282886,1.7483961990040406,1.9185164161552497,2.0284767943708073,2.3838139200029187,1.9211216712063925,2.4925154233435824,2.0323458329317736,1.9846491732490017,1.7205839762141755,4.053584631321206,1.582913673978383,1.5099288602525585,1.492168526081108,1.9858473044655736,1.6345537184427426,1.6771934983579257,2.2490778445254143,1.4665869472422672,1.5056403567471446,1.2874376904588645,1.350770651722685,1.3957141820142804,1.43894836543733,1.4267944327190165,1.428676742788557,1.4596982922109698,1.4872897720637042,1.51777009830007,1.7191410658570505,1.7416996970219094,1.6823112955780877
PRW,3.4977524333319083,3.422604583373166,2.162327213138865,3.4737818152017614,3.485987575774502,2.440127294045848,2.4455472989298745,2.036171475547598,1.9244570022803085,2.1976408786929786,2.206548063828821,1.8005814205411534,1.8191970207193238,1.971523539033553,1.909131121470358,2.4259029355623216,2.4481713135703336,2.5726667808937576,1.9304107029024402,1.9330823311435352,1.8813412005052095,1.8921831662608306,2.0331511788280534,2.0855163418458185,1.9110568395496736,1.9591217272118,4.465703104825629,4.379613508126598,1.9831870985721853,1.9838001345593175,2.2527585615426604,2.231036888105268,2.4192420224343065,2.3502456215709087,2.278818988808508,2.4171706610739987,2.4705642751999872,2.768194943094459,2.3450330744674153,2.8452943867417546,2.5491921486792157,2.509519629947738,2.306006831397426,4.301406644329402,2.0769526683783583,2.0046950786439273,1.9858473044655736,2.3623959855281806,2.1246951070083733,2.1646863093776854,2.599627953787683,1.9442327345047952,1.9547918892972138,1.8065468284450135,1.8531465927357404,1.8809232753029124,1.8993554859490276,1.9234776331255794,1.9211468723894987,1.9407082788775394,1.9634353264214233,1.9598743748557068,2.123670625973697,2.1584692947671993,2.1097509066181637
PVLP_L,3.49462520811093,3.4168827826250383,1.7603732425693615,3.1685288722408833,3.20126490808052,1.665021857694197,1.6629022199855268,1.7600063297534556,1.592346911361166,1.794565611163101,1.8358559477944862,1.468406465681249,1.4989417851692426,1.4693403019085693,1.5163038770561588,2.1614659531315117,2.1929227681755212,2.286128605136714,1.4439038418227408,1.4732975251695437,1.5712932693711568,1.600618486101281,1.7381818333295083,1.7930720210600417,1.4748716743241725,1.524119497762073,3.9758176565429664,3.8642045446081372,1.552038481759724,1.5805164772066462,1.4837405709725455,1.48481286053714,1.573081788137043,1.5417992707012136,2.055488123002796,2.327568650697283,2.3706774522964604,2.7404942793314264,2.158455392202555,2.8433005666102757,1.7156099463592411,1.688997543952922,1.5395528581680105,3.6823547404904415,1.3798489278574229,1.6383435280237706,1.6345537184427426,2.1246951070083733,1.5450807248197107,1.5680978458406436,2.2949229544052345,1.669452581205173,1.7036728134120138,1.451034395072073,1.5130973281586486,1.5376269168890926,1.552674060911546,1.581034201704565,1.5807444211323796,1.5274655840639368,1.5449067198840867,1.538296740846997,1.7948014396727703,1.7676329432855085,1.8278304135704697
PVLP_R,3.5236597008258026,3.4461558684325544,1.7909448910878383,3.169947076014075,3.204685332100353,1.6449344199218194,1.6411612202380796,1.8117424275555125,1.64174426137054,1.834967606033724,1.8782689407923514,1.5199110041470683,1.5517257404538687,1.4995598812447943,1.562371113913889,2.19005631023891,2.219212145817693,2.3215396112211835,1.478810713633192,1.5117760346126432,1.6215173602565236,1.6508899655163765,1.7847585970114717,1.8383621269616643,1.516933088681907,1.5647637006443316,3.9444597956873975,3.831291411321387,1.5965447045355776,1.6281911786537189,1.4959765560913445,1.5013200925902066,1.5590509128957357,1.5371529252196847,2.0842952264991843,2.364574627068049,2.409451401935613,2.7812118179629337,2.198405871900172,2.8875159399223835,1.692624550308363,1.6685557064010579,1.5256092996659403,3.650697551613618,1.4047600070923398,1.679555161433206,1.6771934983579257,2.1646863093776854,1.5680978458406436,1.5837865191210168,2.3237644297202804,1.7183248200998194,1.754848130989425,1.4990057613186596,1.5602967407466872,1.5854708937400352,1.6005912564028975,1.6259826712313266,1.6263602957212338,1.56911729161343,1.585110339103396,1.5843940621642918,1.8399986894193472,1.810215087524308,1.8743391716018007
SAD,3.7311536556586575,3.6573326065574845,2.328011870718982,3.387226930871329,3.4212248118007795,2.4978915428124115,2.5024071126946916,2.3342202150657254,2.2066646588193275,2.4245637681968053,2.4428540645423786,2.0807789239120607,2.105291472926194,2.169629047686219,2.161459855959426,2.662053524660861,2.6910921274363493,2.7427737887399,2.1407295218179163,2.158962327281803,2.1699096325917564,2.1879881358217674,2.3089156755010034,2.3543033389516412,2.1390989024882385,2.1836320729710255,4.180865199818218,4.112937924979958,2.2183770795842928,2.2347918798773803,2.334629754001114,2.3259760629787327,2.4597217905751685,2.4133155338876286,2.5776032318582716,2.7617207470682907,2.8046597503384207,3.1134442195360945,2.6511460356350334,3.1960830991695164,2.567510621175607,2.5425232267574094,2.3823982126636407,4.060677506288797,2.1991165503158006,2.260390694330035,2.2490778445254143,2.599627953787683,2.2949229544052345,2.3237644297202804,2.7303260982308846,2.2411923445296207,2.2632522359458487,2.0740762376505844,2.123494900698002,2.1520592261616773,2.171210751154115,2.190711748007796,2.189352519585107,2.1785902964809445,2.198794391216986,2.190025392703484,2.3608005917937906,2.3804028303681743,2.3859492089268692
SCL_L,3.1614435989645178,3.0752406382817243,1.7041642227129234,3.2941911333140164,3.31233484848108,1.9949603626653714,2.0010186714288936,1.5221188028309092,1.4193245768530676,1.7556847625890282,1.7648276674052648,1.2575674405627688,1.294355283226594,1.4372515965993486,1.4088658257989903,1.9392612810848235,1.9841883498516482,2.223085179697077,1.4276684284567525,1.4442499695675204,1.365217620135014,1.376214400852656,1.5314185110154488,1.5972864335655508,1.400745066209483,1.4601411506886053,4.421575550252954,4.310699658269247,1.4999137886315912,1.5161320911196006,1.8568010067246887,1.8328894626382757,2.0161680322839937,1.9453771979171248,1.7310120541951448,1.872519288525371,1.9615110705802992,2.299476580522206,1.8664745411641825,2.400217287664069,2.153749324444281,2.101755586297303,1.8327779734584577,4.187327393432092,1.6416461221275245,1.4896270746518865,1.4665869472422672,1.9442327345047952,1.669452581205173,1.7183248200998194,2.2411923445296207,1.4081289793775045,1.4348826003161765,1.246610851067685,1.306658983979598,1.3504191982506388,1.3912839295464021,1.3903870437093568,1.3908496845996234,1.43710215820658,1.4670011532576497,1.4934706901868575,1.679029120512904,1.7238862247628792,1.6294963092677877
SCL_R,3.223881694687887,3.14578570239818,1.7927231769310135,3.3664857766109084,3.3731799273962135,2.1291700762190082,2.139213773924537,1.5233431819457688,1.4040182774853027,1.7441045878853354,1.743013536168001,1.260903931662506,1.2693318641195517,1.5432372387199103,1.403988104214302,2.052942984194005,2.069129811343857,2.215246295607594,1.4555866583935078,1.4441483697402746,1.3408557943777109,1.3502714064791428,1.537261423477196,1.6005267028990857,1.424358661385915,1.4830479890564396,4.514899607561973,4.407743527486181,1.4955787726275438,1.4765234256948014,1.908655397856731,1.875641669547959,2.1191664932689176,2.028219335703111,1.8977886785458664,2.0388144770935677,2.081946014894247,2.383865751938604,1.9434323660489075,2.461025810899309,2.2752508172744452,2.22364633198433,1.9870397727452118,4.285927822780013,1.6774365630081671,1.5322644954918585,1.5056403567471446,1.9547918892972138,1.7036728134120138,1.754848130989425,2.2632522359458487,1.4348826003161765,1.4214616097814836,1.2873450364359835,1.3388645154352519,1.3628448322607696,1.3730843456358797,1.431568739170862,1.4270640402902994,1.4549472689412255,1.483224759027722,1.4673795996693004,1.6538095303202063,1.7082646613384964,1.6187916011725618
SIP_L,3.1044292349288622,3.0135713215959825,1.4815004541635275,3.1148369023098526,3.140370624752011,1.7101886253241776,1.7165865782413432,1.34875605490975,1.2371004917144932,1.5901325039326542,1.6077050970114375,1.052111560548914,1.108135173623025,1.16894200386979,1.21798659161167,1.7788955403216633,1.842228199746337,2.080438409544042,1.1993934422010466,1.241141700636378,1.1955482527732926,1.2119524164155349,1.3636527161682637,1.4361265968192445,1.184704103094269,1.2475740316621808,4.212021297398442,4.098337934444101,1.308654487450194,1.3509217666346252,1.6019360620403453,1.5857985687676315,1.7367968939717309,1.6784346056778485,1.5895946379824712,1.789432684330483,1.8799829204539433,2.2517073987805856,1.7733519897880217,2.362558015805818,1.8741735646712352,1.8257767975316583,1.5381496556853176,3.9579153572134893,1.389147888339336,1.3071908218077157,1.2874376904588645,1.8065468284450135,1.451034395072073,1.4990057613186596,2.0740762376505844,1.246610851067685,1.2873450364359835,1.0134785814995464,1.0892736308839415,1.156419978757543,1.2153784742026532,1.1917025354829158,1.19417115310804,1.2329722481552574,1.2659619689551118,1.309049472949662,1.5238521856908984,1.5542682897820905,1.4814337942135307
SIP_R,3.1406764911501,3.052274695084504,1.5537947291363206,3.1600594092898544,3.183481307956612,1.7905353454485207,1.796793640186647,1.4050104225828903,1.2931794642647703,1.6393060592217201,1.6548486917895422,1.11628653878966,1.1645445523356723,1.2540144388309586,1.275566086231059,1.8457244669538424,1.8997152532165191,2.1218216676130384,1.2663872428325513,1.300920729519051,1.2488384928730083,1.2637177082476672,1.4190884549653557,1.4892026265355736,1.251154809960748,1.3123411757887553,4.252247777168388,4.14072952230938,1.366523064105813,1.399492890402439,1.6671239767219843,1.6493235750135806,1.8098863560209615,1.7479291723860768,1.662123928855433,1.8543608465562287,1.9371526769080845,2.296989550167705,1.823468265571964,2.400986121962829,1.9487774711039036,1.9009114406382999,1.6239569520746442,4.005305991679174,1.4557512131787875,1.3707037289265291,1.350770651722685,1.8531465927357404,1.5130973281586486,1.5602967407466872,2.123494900698002,1.306658983979598,1.3388645154352519,1.0892736308839415,1.1575528073543633,1.2193789270281246,1.2701379290007622,1.2584278908516027,1.2597293317400298,1.2956071020559468,1.3269288780267834,1.3621578515185637,1.5708058298250072,1.6028386744265994,1.5302303676930145
SLP_L,3.2007998646088125,3.1189873046234364,1.6271916654821303,3.212536394550909,3.2281083879855554,1.8759664753306222,1.8843750178187029,1.4424331996631232,1.3178484536137405,1.6450079671777962,1.6555990161359124,1.1547898015000084,1.1820747339454527,1.3490500723124916,1.2891090833140506,1.9413205839299092,1.9770371941343503,2.1274115804416613,1.30255988035897,1.3138883391640577,1.2644273776826713,1.2812588294638387,1.4513183364829985,1.5174220170939257,1.2819648885853427,1.3430923950487803,4.301484873566153,4.191786091598756,1.3745864374025258,1.3831013929684262,1.6739218574158994,1.6502935279436135,1.8571662123032013,1.782168890671268,1.7937230916609803,1.980062158946134,2.0267478931592264,2.36445559036064,1.8815295222901172,2.457200445241933,2.0111528257399676,1.9640928829440683,1.7267905824886467,4.051949671516793,1.4592510121042799,1.4162550495083543,1.3957141820142804,1.8809232753029124,1.5376269168890926,1.5854708937400352,2.1520592261616773,1.3504191982506388,1.3628448322607696,1.156419978757543,1.2193789270281246,1.2545954523341414,1.2826518710902042,1.313109336791399,1.3111001422812552,1.3254261438616208,1.355232282868672,1.3521758305542766,1.5667771532817047,1.609029050915329,1.5498217941568446
SLP_R,3.281185448760647,3.2077141392983406,1.707920138095751,3.255917233526014,3.2640597461566503,1.9681870093590834,1.9792846783152138,1.464828843393508,1.3195666645591497,1.630335654719166,1.635234942491356,1.1797640238676148,1.1801761956004513,1.4489932574162148,1.2933298797176898,2.0523510388116044,2.062766978212586,2.118332735959104,1.329623388019883,1.3148055245834513,1.2605145046482178,1.277709350307283,1.4727318035535217,1.5357181034143812,1.30934481964389,1.36850847261628,4.333884026539196,4.227960376158514,1.3707077552180191,1.3470678048864497,1.6824873884339848,1.6523359703328515,1.908804910512529,1.8181125791464476,1.9564457081540179,2.148122567092361,2.1573999613093937,2.4734567982064903,1.9598547720074095,2.5474987582170647,2.0799687763412638,2.035121547502959,1.838758415684532,4.084962843333135,1.4648075532390195,1.4613165942433228,1.43894836543733,1.8993554859490276,1.552674060911546,1.6005912564028975,2.171210751154115,1.3912839295464021,1.3730843456358797,1.2153784742026532,1.2701379290007622,1.2826518710902042,1.2787468887072586,1.3654741236215955,1.3591960164988617,1.3480818447353906,1.3754432161233856,1.3293115928257557,1.5493312377017368,1.593175222392428,1.5539807505057877
SMP_L,3.170230997910806,3.081770875650074,1.6182535509179097,3.2015192996699353,3.2260305805703506,1.8366341766612777,1.840574302681406,1.4992653667298699,1.392097411165808,1.7169975507434851,1.7354285654272712,1.2212740917450053,1.2714656428160347,1.3297388632815392,1.3651190112106222,1.8929779084611826,1.9489642285875741,2.1895667666987126,1.3530502379469427,1.386796907968355,1.3489315346319826,1.3643487969043124,1.5069709733005459,1.5739431552485894,1.3373838161702916,1.3970193134894093,4.275927512069651,4.164118066501731,1.4508834639737092,1.487501658603674,1.7170540675772519,1.7008534621416167,1.8517582387070155,1.7938775863218752,1.6912917380453227,1.8697418029463324,1.9629768866482846,2.322241570465014,1.8618507378994382,2.43075194111322,1.9864142169393886,1.9387715996463217,1.668428470451863,4.029758706911912,1.5186144701063549,1.444626830139289,1.4267944327190165,1.9234776331255794,1.581034201704565,1.6259826712313266,2.190711748007796,1.3903870437093568,1.431568739170862,1.1917025354829158,1.2584278908516027,1.313109336791399,1.3654741236215955,1.3436066711562187,1.3457840513464252,1.3818357137885837,1.4114489146806848,1.4496097998827908,1.6536245116470492,1.684492193792296,1.6159137955507612
SMP_R,3.17783964044473,3.090440801983996,1.6252298629208237,3.2063120317728484,3.229649995756886,1.8514660694169591,1.8562413893191048,1.495665895304151,1.3866935135560756,1.710304001985369,1.7276313381340325,1.2182761807506852,1.264332311654692,1.3403810738618567,1.3594358744720838,1.9066042630081879,1.958449778971092,2.1835527773782206,1.3529106517497804,1.382087745130127,1.3423621052304788,1.3577538309478816,1.5042921450451936,1.5708619860659978,1.3358000934575012,1.395419898865491,4.282427705529469,4.171285528100354,1.4449844455036331,1.4767246783826717,1.7158014970209374,1.6981160577717815,1.8601278446491458,1.7989652402891667,1.7120922993020355,1.891343730737867,1.9770400956078917,2.332092804827303,1.8684910098088616,2.4371399450499767,1.9980828330336953,1.9504780423864903,1.686140140307178,4.036436515723041,1.5153620556235818,1.4467708234493695,1.428676742788557,1.9211468723894987,1.5807444211323796,1.6263602957212338,2.189352519585107,1.3908496845996234,1.4270640402902994,1.19417115310804,1.2597293317400298,1.3111001422812552,1.3591960164988617,1.3457840513464252,1.3467987782973263,1.3797167072503593,1.4091478062692353,1.4403422480761658,1.6451646612758974,1.6771048512556699,1.6108706315156571
SPS_L,3.291763120191227,3.2124732206506166,1.6499733970889712,3.181267988973542,3.199307661172606,1.814923911862866,1.8208277708421448,1.5237661822033532,1.3880668181384794,1.6774965200302048,1.696925880147636,1.2319935056202376,1.257586319959525,1.3771424364327607,1.3342424886458168,2.012691673892054,2.047726075142094,2.154438411538504,1.328906152252977,1.3415496880538376,1.3431753601273262,1.3642519975759209,1.5249923554251532,1.5874880413445396,1.3203013946461366,1.3783510481798456,4.182733115938881,4.075482453849792,1.4097742677560983,1.4227167726140497,1.582990417941708,1.5652457859256321,1.7579431143001931,1.6915462651448792,1.8909864846811657,2.105781614499003,2.1372642824022257,2.4839925110591694,1.9616536708169698,2.577427948089264,1.9159798016208598,1.87598472654238,1.6757082777479155,3.923065304139502,1.400078677899663,1.474735148712039,1.4596982922109698,1.9407082788775394,1.5274655840639368,1.56911729161343,2.1785902964809445,1.43710215820658,1.4549472689412255,1.2329722481552574,1.2956071020559468,1.3254261438616208,1.3480818447353906,1.3818357137885837,1.3797167072503593,1.3669141132456564,1.3944056964875915,1.3815498596855162,1.6122298512319193,1.6402372291028349,1.6222394107081919
SPS_R,3.3094545815809466,3.2305808472655477,1.6745793539359464,3.1938341712445357,3.2117486400450366,1.82436924450923,1.8294453053095017,1.5528476074497815,1.4144202270554338,1.6979782683162539,1.7181965830274024,1.2635334696207603,1.2879048326817584,1.4035355490563632,1.3609416886254722,2.038001128141797,2.0696198352527144,2.1738759459954062,1.354076905643732,1.3655481846194246,1.3707674974678785,1.3916085711724024,1.5520287877222327,1.613256795715546,1.3481367480340496,1.4047593397448574,4.180695301341328,4.073943638707306,1.4351924866705164,1.4466570762651654,1.5929011368798451,1.576230900308874,1.762550891731235,1.6981331281340035,1.9166581960463682,2.132236315359938,2.161353763086385,2.5055524875487665,1.9841372452410704,2.597105766886555,1.920141299525335,1.8814132320217316,1.6889929832696053,3.918966609347911,1.417999883659624,1.5015271632005869,1.4872897720637042,1.9634353264214233,1.5449067198840867,1.585110339103396,2.198794391216986,1.4670011532576497,1.483224759027722,1.2659619689551118,1.3269288780267834,1.355232282868672,1.3754432161233856,1.4114489146806848,1.4091478062692353,1.3944056964875915,1.4192806932781974,1.406412649292043,1.6363899781587012,1.661254961567306,1.647451570133534
VES_L,3.427433194342625,3.3607367923473035,1.7521464161379505,3.225039339451167,3.230604582008339,1.9694961166620497,1.9833509048859845,1.544709134961321,1.378212523798138,1.6406798435866485,1.6520279776929683,1.252232985040032,1.236542892359934,1.5192926281802603,1.3149727985196489,2.1989669261205815,2.2011074795721846,2.1169416496819067,1.353821074993721,1.3228275965259484,1.3293109863727917,1.3551000249962029,1.5481090277798062,1.60561882679082,1.3361292456865623,1.3938848907523136,4.200875635271929,4.102977177662453,1.3790338157931177,1.3418594316755537,1.5517505450874909,1.5219182826864093,1.8295853350780642,1.7312335306424869,2.1711133099943516,2.394111879256693,2.346956309432517,2.6577161507236453,2.078280893818314,2.7187546385190826,2.0228583432222305,1.9872950677807875,1.8693618215789005,3.9424838573223715,1.357268357934552,1.535223518425146,1.51777009830007,1.9598743748557068,1.538296740846997,1.5843940621642918,2.190025392703484,1.4934706901868575,1.4673795996693004,1.309049472949662,1.3621578515185637,1.3521758305542766,1.3293115928257557,1.4496097998827908,1.4403422480761658,1.3815498596855162,1.406412649292043,1.306001868369327,1.558396801487076,1.5964309746668721,1.6241078408587368
VES_R,3.471090831594389,3.404482725158134,1.94890337573987,3.35007634787525,3.3552539030387445,2.223048214535893,2.235512573565194,1.7412947331441335,1.5948003352048759,1.8648455042626677,1.8699154389265684,1.470598556393388,1.4574454526773963,1.7466798947324522,1.5489788928002195,2.331346976418981,2.3309962788736924,2.296933046476883,1.5986435803358696,1.5685263087597872,1.5397155264642977,1.5578377447651992,1.7426879487236435,1.7968093137332597,1.5750942765429998,1.6296965683553235,4.350231076694321,4.258785373007879,1.6220419882086092,1.5858805936417288,1.8623117665939635,1.831237209385908,2.1199884402210003,2.024235458668546,2.275729158798219,2.459144708245312,2.4364663589076634,2.7285993164168105,2.211281140903795,2.7878269068556314,2.2946935841694196,2.2568914424903768,2.117092024534851,4.13616221916258,1.6654725751189068,1.7387454444977595,1.7191410658570505,2.123670625973697,1.7948014396727703,1.8399986894193472,2.3608005917937906,1.679029120512904,1.6538095303202063,1.5238521856908984,1.5708058298250072,1.5667771532817047,1.5493312377017368,1.6536245116470492,1.6451646612758974,1.6122298512319193,1.6363899781587012,1.558396801487076,1.769698034391927,1.8200473423382768,1.8133361070211393
WED_L,3.521521769448981,3.45108468451609,1.9573658622413637,3.336534931745498,3.3522725830825206,2.153110861478732,2.1627686308826943,1.7790682878186865,1.6188989977593928,1.8573769857395939,1.8745668888443172,1.5194440822891262,1.5145193573847069,1.7291763329619243,1.59326356579735,2.3375953505966502,2.340481476906147,2.318949103858138,1.6082238451833788,1.593840618452746,1.5885902310551896,1.609981310183898,1.7832005201886518,1.8380373319146412,1.6037936204583094,1.6533031374920604,4.284236571733812,4.190366798191383,1.6348459491916707,1.6088849202433806,1.8274451450292861,1.8019223432019975,2.053943200744901,1.967305386950218,2.2678445060658823,2.4766111363232697,2.4739809301749816,2.7809986354140963,2.2336682831956076,2.8393832467130906,2.222515724958114,2.1873090311783447,2.0335461698373174,4.05228087465603,1.6494648671071903,1.7592563182354668,1.7416996970219094,2.1584692947671993,1.7676329432855085,1.810215087524308,2.3804028303681743,1.7238862247628792,1.7082646613384964,1.5542682897820905,1.6028386744265994,1.609029050915329,1.593175222392428,1.684492193792296,1.6771048512556699,1.6402372291028349,1.661254961567306,1.5964309746668721,1.8200473423382768,1.81381886601405,1.8470927298337227
WED_R,3.360192547280853,3.283876284214902,1.9397055944691337,3.417659252425474,3.4274523116029103,2.222032396705065,2.2307757629713914,1.7102379101805445,1.5844143067992462,1.8837196119127664,1.887836448358472,1.4566211437643313,1.462603335018463,1.7021468509589588,1.575930757678905,2.219274584251686,2.2294985362338253,2.3384754548941085,1.6132278950798258,1.604055980970111,1.530886355053009,1.542637554320053,1.7181866144009268,1.776198360915442,1.591407378836368,1.6452018153006407,4.494728969511375,4.39323606214592,1.649381295512501,1.6314195754820473,1.9907143472974924,1.960887918179137,2.1922764726892803,2.1069680121491023,2.0823071857939772,2.2363648834781156,2.2649535028904246,2.5566165352422763,2.112225919917004,2.6277296374736916,2.3454826081609332,2.2991798831871906,2.0844926961092267,4.275516329443554,1.782235274045447,1.7055915846255405,1.6823112955780877,2.1097509066181637,1.8278304135704697,1.8743391716018007,2.3859492089268692,1.6294963092677877,1.6187916011725618,1.4814337942135307,1.5302303676930145,1.5498217941568446,1.5539807505057877,1.6159137955507612,1.6108706315156571,1.6222394107081919,1.647451570133534,1.6241078408587368,1.8133361070211393,1.8470927298337227,1.7889651780121267
